INSERT INTO INGREDIENT (ID, NAME, TYPE) VALUES ('FLTO', 'Flour Tortilla', 'WRAP');
INSERT INTO INGREDIENT (ID, NAME, TYPE) VALUES ('COTO', 'Corn Tortilla', 'WRAP');
INSERT INTO INGREDIENT (ID, NAME, TYPE) VALUES ('GRBF', 'Ground Beef', 'PROTEIN');
INSERT INTO INGREDIENT (ID, NAME, TYPE) VALUES ('CARN', 'Carnitas', 'PROTEIN');
INSERT INTO INGREDIENT (ID, NAME, TYPE) VALUES ('TMTO', 'Diced Tomatoes', 'VEGGIES');
INSERT INTO INGREDIENT (ID, NAME, TYPE) VALUES ('LETC', 'Lettuce', 'VEGGIES');
INSERT INTO INGREDIENT (ID, NAME, TYPE) VALUES ('CHED', 'Cheddar', 'CHEESE');
INSERT INTO INGREDIENT (ID, NAME, TYPE) VALUES ('JACK', 'Monterrey Jack', 'CHEESE');
INSERT INTO INGREDIENT (ID, NAME, TYPE) VALUES ('SLSA', 'Salsa', 'SAUCE');
INSERT INTO INGREDIENT (ID, NAME, TYPE) VALUES ('SRCR', 'Sour Cream', 'SAUCE');

INSERT INTO USUARIOS(ID, CITY, FULL_NAME, MOBILE, STATE, STREET, USER_NAME, USER_PASSWORD, ZIP) VALUES (0, 'MADRID', 'PACO MARTINEZ', '654987321', 'ES', 'CALLE FALSA 123', 'jesus', '07027205a95c63f90fe2a823c034fb4c3755bc89b59d2e406b229acbdb94fdf0c8bfb0f84bb02610', '30007');

INSERT INTO TACO(ID, CREATED_AT, NAME) VALUES(0, CURRENT_TIMESTAMP, 'tacotest');
INSERT INTO TACO(ID, CREATED_AT, NAME) VALUES(1, CURRENT_TIMESTAMP, 'tacotestdos');
INSERT INTO TACO(ID, CREATED_AT, NAME) VALUES(2, CURRENT_TIMESTAMP, 'tacotesttres');
INSERT INTO TACO(ID, CREATED_AT, NAME) VALUES(3, CURRENT_TIMESTAMP, 'tacotestcuatro');
INSERT INTO TACO(ID, CREATED_AT, NAME) VALUES(4, CURRENT_TIMESTAMP, 'tacotestcinco');
INSERT INTO TACO(ID, CREATED_AT, NAME) VALUES(5, CURRENT_TIMESTAMP, 'tacotestseis');
INSERT INTO TACO(ID, CREATED_AT, NAME) VALUES(6, CURRENT_TIMESTAMP, 'tacotestsiete');
INSERT INTO TACO(ID, CREATED_AT, NAME) VALUES(7, CURRENT_TIMESTAMP, 'tacotestocho');
INSERT INTO TACO(ID, CREATED_AT, NAME) VALUES(8, CURRENT_TIMESTAMP, 'tacotestnueve');
INSERT INTO TACO(ID, CREATED_AT, NAME) VALUES(9, CURRENT_TIMESTAMP, 'tacotestdiez');
INSERT INTO TACO(ID, CREATED_AT, NAME) VALUES(10, CURRENT_TIMESTAMP, 'tacotestonce');

INSERT INTO TACO_INGREDIENTS(TACO, INGREDIENT) VALUES(0, 'FLTO');
INSERT INTO TACO_INGREDIENTS(TACO, INGREDIENT) VALUES(1, 'FLTO');
INSERT INTO TACO_INGREDIENTS(TACO, INGREDIENT) VALUES(2, 'FLTO');
INSERT INTO TACO_INGREDIENTS(TACO, INGREDIENT) VALUES(3, 'FLTO');
INSERT INTO TACO_INGREDIENTS(TACO, INGREDIENT) VALUES(4, 'FLTO');
INSERT INTO TACO_INGREDIENTS(TACO, INGREDIENT) VALUES(5, 'FLTO');
INSERT INTO TACO_INGREDIENTS(TACO, INGREDIENT) VALUES(6, 'FLTO');
INSERT INTO TACO_INGREDIENTS(TACO, INGREDIENT) VALUES(7, 'FLTO');
INSERT INTO TACO_INGREDIENTS(TACO, INGREDIENT) VALUES(8, 'FLTO');
INSERT INTO TACO_INGREDIENTS(TACO, INGREDIENT) VALUES(9, 'FLTO');
INSERT INTO TACO_INGREDIENTS(TACO, INGREDIENT) VALUES(10, 'FLTO');

INSERT INTO TACO_ORDER(ID, CCCVV, CC_EXPIRATION, CC_NUMBER, PLACED_AT, USER_ID) VALUES(0, '123','12/23','4922428717424949', CURRENT_TIMESTAMP, 0);
INSERT INTO TACO_ORDER(ID, CCCVV, CC_EXPIRATION, CC_NUMBER, PLACED_AT, USER_ID) VALUES(1, '123','12/23','4922428717424949', CURRENT_TIMESTAMP, 0);
INSERT INTO TACO_ORDER(ID, CCCVV, CC_EXPIRATION, CC_NUMBER, PLACED_AT, USER_ID) VALUES(2, '123','12/23','4922428717424949', CURRENT_TIMESTAMP, 0);
INSERT INTO TACO_ORDER(ID, CCCVV, CC_EXPIRATION, CC_NUMBER, PLACED_AT, USER_ID) VALUES(3, '123','12/23','4922428717424949', CURRENT_TIMESTAMP, 0);
INSERT INTO TACO_ORDER(ID, CCCVV, CC_EXPIRATION, CC_NUMBER, PLACED_AT, USER_ID) VALUES(4, '123','12/23','4922428717424949', CURRENT_TIMESTAMP, 0);
INSERT INTO TACO_ORDER(ID, CCCVV, CC_EXPIRATION, CC_NUMBER, PLACED_AT, USER_ID) VALUES(5, '123','12/23','4922428717424949', CURRENT_TIMESTAMP, 0);
INSERT INTO TACO_ORDER(ID, CCCVV, CC_EXPIRATION, CC_NUMBER, PLACED_AT, USER_ID) VALUES(6, '123','12/23','4922428717424949', CURRENT_TIMESTAMP, 0);
INSERT INTO TACO_ORDER(ID, CCCVV, CC_EXPIRATION, CC_NUMBER, PLACED_AT, USER_ID) VALUES(7, '123','12/23','4922428717424949', CURRENT_TIMESTAMP, 0);
INSERT INTO TACO_ORDER(ID, CCCVV, CC_EXPIRATION, CC_NUMBER, PLACED_AT, USER_ID) VALUES(8, '123','12/23','4922428717424949', CURRENT_TIMESTAMP, 0);
INSERT INTO TACO_ORDER(ID, CCCVV, CC_EXPIRATION, CC_NUMBER, PLACED_AT, USER_ID) VALUES(9, '123','12/23','4922428717424949', CURRENT_TIMESTAMP, 0);
INSERT INTO TACO_ORDER(ID, CCCVV, CC_EXPIRATION, CC_NUMBER, PLACED_AT, USER_ID) VALUES(10, '123','12/23','4922428717424949', CURRENT_TIMESTAMP, 0);

INSERT INTO TACO_ORDER_TACOS(ORDER_ID, TACOS_ID) VALUES(0, 0);
INSERT INTO TACO_ORDER_TACOS(ORDER_ID, TACOS_ID) VALUES(1, 1);
INSERT INTO TACO_ORDER_TACOS(ORDER_ID, TACOS_ID) VALUES(2, 2);
INSERT INTO TACO_ORDER_TACOS(ORDER_ID, TACOS_ID) VALUES(3, 3);
INSERT INTO TACO_ORDER_TACOS(ORDER_ID, TACOS_ID) VALUES(4, 4);
INSERT INTO TACO_ORDER_TACOS(ORDER_ID, TACOS_ID) VALUES(5, 5);
INSERT INTO TACO_ORDER_TACOS(ORDER_ID, TACOS_ID) VALUES(6, 6);
INSERT INTO TACO_ORDER_TACOS(ORDER_ID, TACOS_ID) VALUES(7, 7);
INSERT INTO TACO_ORDER_TACOS(ORDER_ID, TACOS_ID) VALUES(8, 8);
INSERT INTO TACO_ORDER_TACOS(ORDER_ID, TACOS_ID) VALUES(9, 9);
INSERT INTO TACO_ORDER_TACOS(ORDER_ID, TACOS_ID) VALUES(10, 10);

